year,name,party,word_count,oil,college,Medicare,gun,border,terrorism,immigration,economy,crime,abortion,housinghealthcare,environment,refugees,war,climate,military,law enforcement,racism,energy,LGBTQ,election_year,oil_%,college_%,Medicare_%,gun_%,border_%,terrorism_%,immigration_%,economy_%,crime_%,abortion_%,housinghealthcare_%,environment_%,refugees_%,war_%,climate_%,military_%,law enforcement_%,racism_%,energy_%,LGBTQ_%
1790,George Washington,none,1400,0,0,0,0,0,0,0,0,0,0,0,0,0,2,0,0,0,0,0,0,FALSE,0,0,0,0,0,0,0,0,0,0,0,0,0,0.142857143,0,0,0,0,0,0
1791,George Washington,none,2301,0,0,0,0,0,0,0,0,0,0,0,0,0,1,0,0,0,0,0,0,FALSE,0,0,0,0,0,0,0,0,0,0,0,0,0,0.043459365,0,0,0,0,0,0
1792,George Washington,none,2096,0,0,0,0,0,0,0,0,0,0,0,0,0,2,0,0,0,0,1,0,TRUE,0,0,0,0,0,0,0,0,0,0,0,0,0,0.095419847,0,0,0,0,0.047709924,0
1793,George Washington,none,1963,0,0,0,0,0,0,0,1,0,0,0,0,0,4,0,6,0,0,1,0,FALSE,0,0,0,0,0,0,0,0.050942435,0,0,0,0,0,0.20376974,0,0.30565461,0,0,0.050942435,0
1794,George Washington,none,2913,0,0,0,0,0,0,0,1,0,0,0,0,0,1,0,2,0,0,1,0,FALSE,0,0,0,0,0,0,0,0.034328871,0,0,0,0,0,0.034328871,0,0.068657741,0,0,0.034328871,0
1795,George Washington,none,1984,0,0,0,0,0,0,0,0,0,0,0,0,0,3,0,3,0,0,1,0,FALSE,0,0,0,0,0,0,0,0,0,0,0,0,0,0.151209677,0,0.151209677,0,0,0.050403226,0
1796,George Washington,none,2865,0,0,0,0,0,0,0,0,0,0,0,0,0,11,0,5,0,0,1,0,TRUE,0,0,0,0,0,0,0,0,0,0,0,0,0,0.383944154,0,0.17452007,0,0,0.034904014,0
1797,John Adams,Federalist,2057,0,0,0,0,0,0,0,0,0,0,0,0,0,4,0,1,0,0,1,0,FALSE,0,0,0,0,0,0,0,0,0,0,0,0,0,0.194457948,0,0.048614487,0,0,0.048614487,0
1798,John Adams,Federalist,2218,0,0,0,0,0,0,0,0,0,0,0,0,0,5,0,1,0,0,0,0,FALSE,0,0,0,0,0,0,0,0,0,0,0,0,0,0.225428314,0,0.045085663,0,0,0,0
1799,John Adams,Federalist,1505,0,0,0,0,0,0,0,1,0,0,0,0,0,3,0,1,0,0,0,0,FALSE,0,0,0,0,0,0,0,0.066445183,0,0,0,0,0,0.199335548,0,0.066445183,0,0,0,0
1800,John Adams,Federalist,1372,0,0,0,0,0,0,0,1,0,0,0,0,0,1,0,0,0,0,0,0,FALSE,0,0,0,0,0,0,0,0.072886297,0,0,0,0,0,0.072886297,0,0,0,0,0,0
1801,Thomas Jefferson,Democratic-Republican,3224,0,0,0,1,0,0,0,0,0,0,0,0,0,3,0,2,0,0,0,0,FALSE,0,0,0,0.03101737,0,0,0,0,0,0,0,0,0,0.093052109,0,0.062034739,0,0,0,0
1802,Thomas Jefferson,Democratic-Republican,2199,0,0,0,0,0,0,0,4,0,0,0,0,0,2,0,1,0,0,0,0,FALSE,0,0,0,0,0,0,0,0.181900864,0,0,0,0,0,0.090950432,0,0.045475216,0,0,0,0
1803,Thomas Jefferson,Democratic-Republican,2277,0,0,0,1,0,0,0,0,0,0,0,0,0,3,1,0,0,0,0,0,FALSE,0,0,0,0.043917435,0,0,0,0,0,0,0,0,0,0.131752306,0.043917435,0,0,0,0,0
1804,Thomas Jefferson,Democratic-Republican,2099,0,0,0,1,0,0,0,1,0,0,0,0,0,7,0,2,0,0,1,0,TRUE,0,0,0,0.047641734,0,0,0,0.047641734,0,0,0,0,0,0.333492139,0,0.095283468,0,0,0.047641734,0
1805,Thomas Jefferson,Democratic-Republican,2941,0,0,0,1,0,0,0,0,0,0,0,0,0,6,0,0,0,0,0,0,FALSE,0,0,0,0.03400204,0,0,0,0,0,0,0,0,0,0.204012241,0,0,0,0,0,0
1806,Thomas Jefferson,Democratic-Republican,2866,0,0,0,1,0,0,0,0,0,0,0,0,0,6,0,1,0,0,0,0,FALSE,0,0,0,0.034891835,0,0,0,0,0,0,0,0,0,0.209351012,0,0.034891835,0,0,0,0
1807,Thomas Jefferson,Democratic-Republican,2392,0,0,0,2,0,0,0,0,0,0,0,0,0,2,0,2,0,0,1,0,FALSE,0,0,0,0.08361204,0,0,0,0,0,0,0,0,0,0.08361204,0,0.08361204,0,0,0.04180602,0
1808,Thomas Jefferson,Democratic-Republican,2686,0,0,0,1,0,0,0,0,0,0,0,0,0,2,1,1,0,0,0,0,TRUE,0,0,0,0.037230082,0,0,0,0,0,0,0,0,0,0.074460164,0.037230082,0.037230082,0,0,0,0
1809,James Madison,Democratic-Republican,1831,0,0,0,0,0,0,0,0,0,0,0,0,0,2,0,1,0,0,0,0,FALSE,0,0,0,0,0,0,0,0,0,0,0,0,0,0.109229929,0,0.054614965,0,0,0,0
1810,James Madison,Democratic-Republican,2446,0,0,0,0,0,0,0,1,0,0,0,0,0,3,0,3,0,0,0,0,FALSE,0,0,0,0,0,0,0,0.040883074,0,0,0,0,0,0.122649223,0,0.122649223,0,0,0,0
1811,James Madison,Democratic-Republican,2275,0,0,0,1,0,0,0,0,0,0,0,0,0,3,0,2,0,0,0,0,FALSE,0,0,0,0.043956044,0,0,0,0,0,0,0,0,0,0.131868132,0,0.087912088,0,0,0,0
1812,James Madison,Democratic-Republican,3242,0,0,0,0,0,0,0,1,0,0,0,0,0,20,0,3,0,0,0,0,TRUE,0,0,0,0,0,0,0,0.030845157,0,0,0,0,0,0.616903146,0,0.092535472,0,0,0,0
1813,James Madison,Democratic-Republican,3258,0,0,0,0,1,0,0,0,0,0,0,0,0,28,0,4,0,0,0,0,FALSE,0,0,0,0,0.030693677,0,0,0,0,0,0,0,0,0.859422959,0,0.122774708,0,0,0,0
1814,James Madison,Democratic-Republican,2114,0,0,0,0,1,0,0,0,0,0,0,0,0,10,0,1,0,0,1,0,FALSE,0,0,0,0,0.04730369,0,0,0,0,0,0,0,0,0.473036897,0,0.04730369,0,0,0.04730369,0
1815,James Madison,Democratic-Republican,3154,0,0,0,0,0,0,0,1,0,0,0,0,0,10,0,6,0,0,0,0,FALSE,0,0,0,0,0,0,0,0.03170577,0,0,0,0,0,0.317057705,0,0.190234623,0,0,0,0
1816,James Madison,Democratic-Republican,3366,0,0,0,0,0,0,0,1,0,0,0,0,0,6,0,2,0,0,0,0,TRUE,0,0,0,0,0,0,0,0.029708853,0,0,0,0,0,0.178253119,0,0.059417706,0,0,0,0
1817,James Monroe,Democratic-Republican,4427,0,0,0,0,1,0,0,0,0,0,0,0,0,4,0,2,0,0,0,0,FALSE,0,0,0,0,0.02258866,0,0,0,0,0,0,0,0,0.090354642,0,0.045177321,0,0,0,0
1818,James Monroe,Democratic-Republican,4377,0,0,0,0,0,0,0,0,0,0,0,0,0,9,0,0,0,0,0,0,FALSE,0,0,0,0,0,0,0,0,0,0,0,0,0,0.205620288,0,0,0,0,0,0
1819,James Monroe,Democratic-Republican,4711,0,0,0,0,0,0,0,0,0,0,0,0,0,5,0,0,0,0,0,0,FALSE,0,0,0,0,0,0,0,0,0,0,0,0,0,0.106134579,0,0,0,0,0,0
1820,James Monroe,Democratic-Republican,3441,0,0,0,0,0,0,0,2,0,0,0,0,0,8,1,3,0,0,0,0,TRUE,0,0,0,0,0,0,0,0.058122639,0,0,0,0,0,0.232490555,0.029061319,0.087183958,0,0,0,0
1821,James Monroe,Democratic-Republican,5823,0,0,0,0,0,0,0,1,0,0,0,0,0,1,0,2,0,0,0,0,FALSE,0,0,0,0,0,0,0,0.017173278,0,0,0,0,0,0.017173278,0,0.034346557,0,0,0,0
1822,James Monroe,Democratic-Republican,4734,0,0,0,0,0,0,0,2,0,0,0,0,0,13,0,6,0,0,0,0,FALSE,0,0,0,0,0,0,0,0.042247571,0,0,0,0,0,0.27460921,0,0.126742712,0,0,0,0
1823,James Monroe,Democratic-Republican,6382,0,0,0,0,0,0,1,1,1,0,0,0,0,5,1,2,0,0,0,0,FALSE,0,0,0,0,0,0,0.015669069,0.015669069,0.015669069,0,0,0,0,0.078345346,0.015669069,0.031338139,0,0,0,0
1824,James Monroe,Democratic-Republican,8418,0,0,0,0,0,0,0,0,2,0,0,0,0,19,1,9,0,0,0,0,TRUE,0,0,0,0,0,0,0,0,0.023758612,0,0,0,0,0.225706819,0.011879306,0.106913756,0,0,0,0
1825,John Quincy Adams,Democratic-Republican,9000,0,0,0,0,0,0,0,0,0,0,0,0,0,11,0,8,0,0,3,0,FALSE,0,0,0,0,0,0,0,0,0,0,0,0,0,0.122222222,0,0.088888889,0,0,0.033333333,0
1826,John Quincy Adams,Democratic-Republican,7745,0,0,0,0,0,0,0,1,0,0,0,0,0,10,0,5,0,0,0,0,FALSE,0,0,0,0,0,0,0,0.012911556,0,0,0,0,0,0.129115558,0,0.064557779,0,0,0,0
1827,John Quincy Adams,Democratic-Republican,6983,0,0,0,0,0,0,0,2,0,0,0,0,0,7,0,1,0,0,0,0,FALSE,0,0,0,0,0,0,0,0.028640985,0,0,0,0,0,0.100243448,0,0.014320493,0,0,0,0
1828,John Quincy Adams,Democratic-Republican,7310,0,0,0,0,1,0,0,0,0,0,0,0,0,7,0,2,0,0,2,0,TRUE,0,0,0,0,0.013679891,0,0,0,0,0,0,0,0,0.095759234,0,0.027359781,0,0,0.027359781,0
1829,Andrew Jackson,Democratic,10523,0,0,0,0,0,0,0,2,1,0,0,0,0,8,0,3,0,0,0,0,FALSE,0,0,0,0,0,0,0,0.019005987,0.009502993,0,0,0,0,0.076023948,0,0.02850898,0,0,0,0
1830,Andrew Jackson,Democratic,15072,0,0,0,0,0,0,0,0,0,0,0,0,0,1,2,0,0,0,2,0,FALSE,0,0,0,0,0,0,0,0,0,0,0,0,0,0.00663482,0.013269639,0,0,0,0.013269639,0
1831,Andrew Jackson,Democratic,7189,0,0,0,0,0,0,0,0,0,0,0,0,0,3,0,0,0,0,0,0,FALSE,0,0,0,0,0,0,0,0,0,0,0,0,0,0.041730421,0,0,0,0,0,0
1832,Andrew Jackson,Democratic,7875,0,0,0,0,0,0,0,2,0,0,0,0,0,7,0,1,0,0,1,0,TRUE,0,0,0,0,0,0,0,0.025396825,0,0,0,0,0,0.088888889,0,0.012698413,0,0,0.012698413,0
1833,Andrew Jackson,Democratic,7901,0,0,0,0,0,0,0,2,0,0,0,0,0,3,0,2,0,0,0,0,FALSE,0,0,0,0,0,0,0,0.025313251,0,0,0,0,0,0.037969877,0,0.025313251,0,0,0,0
1834,Andrew Jackson,Democratic,13446,0,0,0,0,1,0,0,3,0,0,0,0,0,6,0,3,0,0,0,0,FALSE,0,0,0,0,0.007437156,0,0,0.022311468,0,0,0,0,0,0.044622936,0,0.022311468,0,0,0,0
1835,Andrew Jackson,Democratic,10809,0,0,0,0,0,0,0,3,0,0,0,0,0,1,0,4,0,0,0,0,FALSE,0,0,0,0,0,0,0,0.027754649,0,0,0,0,0,0.00925155,0,0.037006199,0,0,0,0
1836,Andrew Jackson,Democratic,12355,0,0,0,0,0,0,0,2,0,0,0,0,0,5,0,3,0,0,0,0,TRUE,0,0,0,0,0,0,0,0.016187778,0,0,0,0,0,0.040469446,0,0.024281667,0,0,0,0
1837,Martin Van Buren,Democratic,11435,0,0,0,0,1,0,0,2,0,0,0,0,0,4,0,3,0,0,0,0,FALSE,0,0,0,0,0.008745081,0,0,0.017490162,0,0,0,0,0,0.034980324,0,0.026235243,0,0,0,0
1838,Martin Van Buren,Democratic,11475,0,0,0,0,3,0,0,2,1,0,0,0,0,4,3,7,0,0,1,0,FALSE,0,0,0,0,0.026143791,0,0,0.017429194,0.008714597,0,0,0,0,0.034858388,0.026143791,0.061002179,0,0,0.008714597,0
1839,Martin Van Buren,Democratic,13416,0,0,0,0,1,0,0,4,2,0,0,0,0,4,1,0,0,0,1,0,FALSE,0,0,0,0,0.007453787,0,0,0.029815146,0.014907573,0,0,0,0,0.029815146,0.007453787,0,0,0,0.007453787,0
1840,Martin Van Buren,Democratic,8976,0,0,0,0,1,0,0,3,0,0,0,0,0,2,1,1,0,0,0,0,TRUE,0,0,0,0,0.01114082,0,0,0.03342246,0,0,0,0,0,0.02228164,0.01114082,0.01114082,0,0,0,0
1841,John Tyler,Whig & Democratic,8240,0,0,0,0,1,0,0,1,0,0,0,0,0,5,1,1,0,0,2,0,FALSE,0,0,0,0,0.012135922,0,0,0.012135922,0,0,0,0,0,0.060679612,0.012135922,0.012135922,0,0,0.024271845,0
1842,John Tyler,Whig & Democratic,8401,0,0,0,0,1,0,0,3,0,0,0,0,0,9,1,4,0,0,1,0,FALSE,0,0,0,0,0.011903345,0,0,0.035710035,0,0,0,0,0,0.107130104,0.011903345,0.047613379,0,0,0.011903345,0
1843,John Tyler,Whig & Democratic,8026,0,0,0,0,3,0,0,1,1,0,0,0,0,13,0,3,0,0,0,0,FALSE,0,0,0,0,0.03737852,0,0,0.012459507,0.012459507,0,0,0,0,0.161973586,0,0.03737852,0,0,0,0
1844,John Tyler,Whig & Democratic,9309,0,1,0,0,0,0,0,2,0,0,0,0,0,17,0,1,0,0,1,0,TRUE,0,0.010742292,0,0,0,0,0,0.021484585,0,0,0,0,0,0.182618971,0,0.010742292,0,0,0.010742292,0
1845,James Polk,Democratic,16107,0,0,0,0,0,0,0,1,0,0,0,0,0,11,0,5,0,0,0,0,FALSE,0,0,0,0,0,0,0,0.006208481,0,0,0,0,0,0.068293289,0,0.031042404,0,0,0,0
1846,James Polk,Democratic,18218,0,0,0,0,0,0,0,0,0,0,0,0,0,64,0,17,0,0,4,0,FALSE,0,0,0,0,0,0,0,0,0,0,0,0,0,0.351300911,0,0.093314305,0,0,0.021956307,0
1847,James Polk,Democratic,16407,0,0,0,0,2,0,0,0,3,0,0,0,0,85,0,30,0,0,3,0,FALSE,0,0,0,0,0.012189919,0,0,0,0.018284878,0,0,0,0,0.518071555,0,0.182848784,0,0,0.018284878,0
1848,James Polk,Democratic,21287,0,0,0,0,0,0,0,1,0,0,0,0,0,61,4,13,0,0,6,0,TRUE,0,0,0,0,0,0,0,0.004697703,0,0,0,0,0,0.286559872,0.018790811,0.061070137,0,0,0.028186217,0
1849,Zachary Taylor,Whig,7617,0,0,0,0,1,0,0,1,1,0,0,0,0,5,0,5,0,0,1,0,FALSE,0,0,0,0,0.013128528,0,0,0.013128528,0.013128528,0,0,0,0,0.065642641,0,0.065642641,0,0,0.013128528,0
1850,Millard Fillmore,Whig,8318,0,0,0,0,1,0,1,0,0,0,0,0,0,2,0,4,0,0,1,0,FALSE,0,0,0,0,0.012022121,0,0.012022121,0,0,0,0,0,0,0.024044241,0,0.048088483,0,0,0.012022121,0
1851,Millard Fillmore,Whig,13243,0,0,0,0,2,0,0,3,2,0,0,0,0,5,2,11,0,0,2,0,FALSE,0,0,0,0,0.015102318,0,0,0.022653477,0.015102318,0,0,0,0,0.037755796,0.015102318,0.08306275,0,0,0.015102318,0
1852,Millard Fillmore,Whig,9922,0,0,0,0,1,0,0,1,1,0,0,0,0,1,0,3,0,0,2,0,TRUE,0,0,0,0,0.010078613,0,0,0.010078613,0.010078613,0,0,0,0,0.010078613,0,0.03023584,0,0,0.020157226,0
1853,Franklin Pierce,Democratic,9587,0,0,0,0,0,0,0,1,1,0,0,0,0,6,1,3,0,0,2,0,FALSE,0,0,0,0,0,0,0,0.010430792,0.010430792,0,0,0,0,0.06258475,0.010430792,0.031292375,0,0,0.020861583,0
1854,Franklin Pierce,Democratic,10134,0,0,0,0,1,0,0,1,0,0,0,0,0,18,0,9,0,0,2,0,FALSE,0,0,0,0,0.009867772,0,0,0.009867772,0,0,0,0,0,0.177619893,0,0.088809947,0,0,0.019735544,0
1855,Franklin Pierce,Democratic,11610,0,0,0,0,0,0,0,0,0,0,0,0,0,18,2,8,0,0,0,0,FALSE,0,0,0,0,0,0,0,0,0,0,0,0,0,0.15503876,0.017226529,0.068906115,0,0,0,0
1856,Franklin Pierce,Democratic,10473,0,0,0,0,1,0,0,1,0,0,0,0,0,8,1,5,0,0,2,0,TRUE,0,0,0,0,0.009548362,0,0,0.009548362,0,0,0,0,0,0.0763869,0.009548362,0.047741812,0,0,0.019096725,0
1857,James Buchanan,Democratic,13651,0,0,0,0,0,0,0,3,1,0,0,0,0,17,0,10,0,0,0,0,FALSE,0,0,0,0,0,0,0,0.021976412,0.007325471,0,0,0,0,0.124533001,0,0.073254707,0,0,0,0
1858,James Buchanan,Democratic,16347,0,0,0,0,3,0,0,5,0,0,0,0,0,15,1,7,0,0,1,0,FALSE,0,0,0,0,0.018351991,0,0,0.030586652,0,0,0,0,0,0.091759956,0.00611733,0.042821313,0,0,0.00611733,0
1859,James Buchanan,Democratic,12336,0,0,0,1,0,0,0,3,1,0,0,0,0,22,0,6,0,0,0,0,FALSE,0,0,0,0.008106355,0,0,0,0.024319066,0.008106355,0,0,0,0,0.178339818,0,0.048638132,0,0,0,0
1860,James Buchanan,Democratic,14025,0,0,0,0,0,0,0,1,2,0,0,0,0,19,0,7,0,0,1,0,TRUE,0,0,0,0,0,0,0,0.007130125,0.01426025,0,0,0,0,0.135472371,0,0.049910873,0,0,0.007130125,0
1861,Abraham Lincoln,Republican,6976,0,0,0,0,0,0,1,1,0,0,0,0,0,6,1,5,0,0,3,0,FALSE,0,0,0,0,0,0,0.014334862,0.014334862,0,0,0,0,0,0.086009174,0.014334862,0.071674312,0,0,0.043004587,0
1862,Abraham Lincoln,Republican,8392,0,0,0,0,0,0,0,1,0,0,0,0,0,17,1,3,0,0,0,0,FALSE,0,0,0,0,0,0,0,0.011916111,0,0,0,0,0,0.20257388,0.011916111,0.035748332,0,0,0,0
1863,Abraham Lincoln,Republican,6111,0,0,0,0,0,0,1,0,0,0,0,0,0,13,0,9,0,0,0,0,FALSE,0,0,0,0,0,0,0.016363934,0,0,0,0,0,0,0.212731141,0,0.147275405,0,0,0,0
1864,Abraham Lincoln,Republican,5863,0,0,0,0,3,0,1,0,0,0,0,0,0,19,0,5,0,0,1,0,TRUE,0,0,0,0,0.051168344,0,0.017056115,0,0,0,0,0,0,0.324066178,0,0.085280573,0,0,0.017056115,0
1865,Andrew Johnson,National Union,9218,0,0,0,0,1,0,0,3,2,0,0,0,0,15,2,8,0,0,2,0,FALSE,0,0,0,0,0.01084834,0,0,0.032545021,0.02169668,0,0,0,0,0.162725103,0.02169668,0.086786722,0,0,0.02169668,0
1866,Andrew Johnson,National Union,7127,0,0,0,0,0,0,0,1,2,0,0,0,0,15,0,8,0,0,1,0,FALSE,0,0,0,0,0,0,0,0.014031149,0.028062298,0,0,0,0,0.210467237,0,0.112249193,0,0,0.014031149,0
1867,Andrew Johnson,National Union,11981,0,0,0,0,0,0,0,4,2,0,0,0,0,24,0,15,0,0,1,0,FALSE,0,0,0,0,0,0,0,0.033386195,0.016693097,0,0,0,0,0.200317169,0,0.125198231,0,0,0.008346549,0
1868,Andrew Johnson,National Union,9817,0,0,0,0,0,0,0,5,0,0,0,0,0,24,0,5,0,0,0,0,TRUE,0,0,0,0,0,0,0,0.050932057,0,0,0,0,0,0.244473872,0,0.050932057,0,0,0,0
1869,Ulysses S Grant,Republican,7699,0,0,0,0,0,0,0,1,0,0,0,0,0,9,2,3,0,0,0,0,FALSE,0,0,0,0,0,0,0,0.0129887,0,0,0,0,0,0.116898298,0.0259774,0.038966099,0,0,0,0
1870,Ulysses S Grant,Republican,8733,0,2,0,0,0,0,0,1,0,0,0,0,0,9,1,3,0,0,0,0,FALSE,0,0.022901637,0,0,0,0,0,0.011450819,0,0,0,0,0,0.103057369,0.011450819,0.034352456,0,0,0,0
1871,Ulysses S Grant,Republican,6455,0,0,0,1,0,0,1,1,0,0,0,0,0,1,0,2,0,0,0,0,FALSE,0,0,0,0.015491867,0,0,0.015491867,0.015491867,0,0,0,0,0,0.015491867,0,0.030983734,0,0,0,0
1872,Ulysses S Grant,Republican,3923,0,0,0,0,2,0,0,0,0,0,0,0,0,1,0,1,0,0,1,0,TRUE,0,0,0,0,0.050981392,0,0,0,0,0,0,0,0,0.025490696,0,0.025490696,0,0,0.025490696,0
1873,Ulysses S Grant,Republican,10019,0,1,0,0,0,0,1,3,0,0,0,0,0,8,0,4,0,0,0,0,FALSE,0,0.009981036,0,0,0,0,0.009981036,0.029943108,0,0,0,0,0,0.079848288,0,0.039924144,0,0,0,0
1874,Ulysses S Grant,Republican,9192,0,0,0,0,0,0,0,1,2,0,0,0,0,3,1,2,0,0,0,0,FALSE,0,0,0,0,0,0,0,0.010879025,0.02175805,0,0,0,0,0.032637076,0.010879025,0.02175805,0,0,0,0
1875,Ulysses S Grant,Republican,12200,0,0,0,0,0,0,0,1,2,0,0,0,0,11,1,2,0,0,1,0,FALSE,0,0,0,0,0,0,0,0.008196721,0.016393443,0,0,0,0,0.090163934,0.008196721,0.016393443,0,0,0.008196721,0
1876,Ulysses S Grant,Republican,6790,0,0,0,0,0,0,0,3,0,0,0,0,0,5,0,0,0,0,0,0,TRUE,0,0,0,0,0,0,0,0.044182622,0,0,0,0,0,0.073637703,0,0,0,0,0,0
1877,Rutherford B Hayes,Republican,8017,0,0,0,0,7,0,0,0,0,0,0,0,0,6,0,5,0,0,0,0,FALSE,0,0,0,0,0.087314457,0,0,0,0,0,0,0,0,0.074840963,0,0.062367469,0,0,0,0
1878,Rutherford B Hayes,Republican,7878,0,1,0,0,2,0,0,1,0,0,0,0,0,1,2,2,0,0,0,0,FALSE,0,0.012693577,0,0,0.025387154,0,0,0.012693577,0,0,0,0,0,0.012693577,0.025387154,0.025387154,0,0,0,0
1879,Rutherford B Hayes,Republican,11632,0,0,0,0,4,0,0,2,3,0,0,0,0,3,0,8,0,0,0,0,FALSE,0,0,0,0,0.034387895,0,0,0.017193948,0.025790922,0,0,0,0,0.025790922,0,0.068775791,0,0,0,0
1880,Rutherford B Hayes,Republican,6589,0,0,0,0,2,0,2,1,1,0,0,0,0,5,0,2,0,0,1,0,TRUE,0,0,0,0,0.03035362,0,0.03035362,0.01517681,0.01517681,0,0,0,0,0.075884049,0,0.03035362,0,0,0.01517681,0
1881,Chester A Arthur,Republican,3519,0,0,0,0,1,0,1,0,0,0,0,0,0,2,0,0,0,0,0,0,FALSE,0,0,0,0,0.028417164,0,0.028417164,0,0,0,0,0,0,0.056834328,0,0,0,0,0,0
1882,Chester A Arthur,Republican,2684,0,0,0,0,0,0,2,0,1,0,0,0,0,2,0,0,0,0,0,0,FALSE,0,0,0,0,0,0,0.074515648,0,0.037257824,0,0,0,0,0.074515648,0,0,0,0,0,0
1883,Chester A Arthur,Republican,3136,0,0,0,0,0,0,1,0,1,0,0,0,0,1,0,0,0,0,0,0,FALSE,0,0,0,0,0,0,0.031887755,0,0.031887755,0,0,0,0,0.031887755,0,0,0,0,0,0
1884,Chester A Arthur,Republican,8947,0,0,0,0,0,0,1,2,0,0,0,0,0,2,0,2,0,0,0,0,TRUE,0,0,0,0,0,0,0.011176931,0.022353862,0,0,0,0,0,0.022353862,0,0.022353862,0,0,0,0
1885,Grover Cleveland,Democratic,19746,0,0,0,0,0,0,3,3,1,0,0,0,0,10,1,8,0,0,0,0,FALSE,0,0,0,0,0,0,0.01519295,0.01519295,0.005064317,0,0,0,0,0.050643168,0.005064317,0.040514535,0,0,0,0
1886,Grover Cleveland,Democratic,15135,0,0,0,2,0,0,0,6,2,0,0,0,0,8,0,1,0,0,0,0,FALSE,0,0,0,0.013214404,0,0,0,0.039643211,0.013214404,0,0,0,0,0.052857615,0,0.006607202,0,0,0,0
1887,Grover Cleveland,Democratic,5289,0,0,0,0,0,0,0,0,0,0,0,0,0,0,0,0,0,0,1,0,FALSE,0,0,0,0,0,0,0,0,0,0,0,0,0,0,0,0,0,0,0.018907166,0
1888,Grover Cleveland,Democratic,9020,0,0,0,2,1,0,1,0,0,0,0,0,0,3,0,2,0,0,0,0,TRUE,0,0,0,0.022172949,0.011086475,0,0.011086475,0,0,0,0,0,0,0.033259424,0,0.022172949,0,0,0,0
1889,Benjamin Harrison,Republican,12999,0,0,0,0,1,0,1,1,2,0,0,0,0,7,0,4,0,0,0,0,FALSE,0,0,0,0,0.007692899,0,0.007692899,0.007692899,0.015385799,0,0,0,0,0.053850296,0,0.030771598,0,0,0,0
1890,Benjamin Harrison,Republican,11520,0,0,0,0,0,0,0,3,2,0,0,0,0,1,0,2,0,0,2,0,FALSE,0,0,0,0,0,0,0,0.026041667,0.017361111,0,0,0,0,0.008680556,0,0.017361111,0,0,0.017361111,0
1891,Benjamin Harrison,Republican,16290,0,0,0,2,2,0,2,1,2,0,0,0,1,8,0,1,0,0,1,0,FALSE,0,0,0,0.012277471,0.012277471,0,0.012277471,0.006138735,0.012277471,0,0,0,0.006138735,0.049109883,0,0.006138735,0,0,0.006138735,0
1892,Benjamin Harrison,Republican,13676,0,0,0,1,2,0,2,0,5,0,0,0,0,7,0,0,0,0,1,0,TRUE,0,0,0,0.00731208,0.014624159,0,0.014624159,0,0.036560398,0,0,0,0,0.051184557,0,0,0,0,0.00731208,0
1893,Grover Cleveland,Democratic,12281,0,1,0,1,0,0,0,5,1,0,0,0,0,7,0,8,0,0,0,0,FALSE,0,0.008142659,0,0.008142659,0,0,0,0.040713297,0.008142659,0,0,0,0,0.056998616,0,0.065141275,0,0,0,0
1894,Grover Cleveland,Democratic,15572,0,0,0,1,0,0,0,1,1,0,0,0,0,13,0,9,0,0,0,0,FALSE,0,0,0,0.006421783,0,0,0,0.006421783,0.006421783,0,0,0,0,0.083483175,0,0.057796044,0,0,0,0
1895,Grover Cleveland,Democratic,14625,0,1,0,0,0,0,1,0,1,0,0,0,1,4,0,5,0,0,1,0,FALSE,0,0.006837607,0,0,0,0,0.006837607,0,0.006837607,0,0,0,0.006837607,0.027350427,0,0.034188034,0,0,0.006837607,0
1896,Grover Cleveland,Democratic,15441,0,0,0,6,0,0,3,10,0,0,0,0,2,4,0,8,0,0,0,0,TRUE,0,0,0,0.038857587,0,0,0.019428793,0.064762645,0,0,0,0,0.012952529,0.025905058,0,0.051810116,0,0,0,0
1897,William Mc Kinley,Republican,12110,0,0,0,0,0,0,1,0,0,0,0,0,0,27,0,8,0,0,0,0,FALSE,0,0,0,0,0,0,0.008257638,0,0,0,0,0,0,0.222956235,0,0.066061107,0,0,0,0
1898,William Mc Kinley,Republican,20208,0,0,0,1,3,0,0,0,2,0,0,0,0,54,1,22,0,0,1,0,FALSE,0,0,0,0.004948535,0.014845606,0,0,0,0.00989707,0,0,0,0,0.267220903,0.004948535,0.108867775,0,0,0.004948535,0
1899,William Mc Kinley,Republican,15133,0,0,0,0,1,0,0,2,2,0,0,0,0,7,0,5,0,0,1,0,FALSE,0,0,0,0,0.006608075,0,0,0.01321615,0.01321615,0,0,0,0,0.046256525,0,0.033040375,0,0,0.006608075,0
1900,William Mc Kinley,Republican,19134,2,1,0,0,0,0,0,3,1,0,0,0,0,7,0,17,0,0,1,0,FALSE,0.010452597,0.005226299,0,0,0,0,0,0.015678896,0.005226299,0,0,0,0,0.036584091,0,0.088847078,0,0,0.005226299,0
1901,Theodore Roosevelt,Republican,19595,0,0,0,1,0,0,4,3,9,0,0,0,0,29,0,11,0,0,5,0,FALSE,0,0,0,0.005103343,0,0,0.020413371,0.015310028,0.045930084,0,0,0,0,0.147996938,0,0.05613677,0,0,0.025516713,0
1902,Theodore Roosevelt,Republican,9756,0,0,0,2,0,0,1,0,0,0,0,0,0,9,1,2,0,0,2,0,FALSE,0,0,0,0.020500205,0,0,0.010250103,0,0,0,0,0,0,0.092250923,0.010250103,0.020500205,0,0,0.020500205,0
1903,Theodore Roosevelt,Republican,14876,0,0,0,0,3,0,3,4,4,0,0,0,0,21,0,4,0,0,1,0,FALSE,0,0,0,0,0.020166711,0,0.020166711,0.026888949,0.026888949,0,0,0,0,0.14116698,0,0.026888949,0,0,0.006722237,0
1904,Theodore Roosevelt,Republican,17406,0,1,0,0,0,0,2,2,3,0,0,0,0,11,0,1,0,0,1,0,TRUE,0,0.005745145,0,0,0,0,0.011490291,0.011490291,0.017235436,0,0,0,0,0.063196599,0,0.005745145,0,0,0.005745145,0
1905,Theodore Roosevelt,Republican,25033,0,0,0,1,0,0,14,6,5,0,0,0,0,29,1,8,0,0,1,0,FALSE,0,0,0,0.003994727,0,0,0.055926177,0.023968362,0.019973635,0,0,0,0,0.115847082,0.003994727,0.031957816,0,0,0.003994727,0
1906,Theodore Roosevelt,Republican,23575,0,0,0,0,0,0,1,4,22,0,0,0,0,26,0,4,0,0,2,0,FALSE,0,0,0,0,0,0,0.004241782,0.016967126,0.093319194,0,0,0,0,0.11028632,0,0.016967126,0,0,0.008483563,0
1907,Theodore Roosevelt,Republican,27382,3,0,0,0,0,0,0,2,2,0,0,0,0,29,0,3,0,0,2,0,FALSE,0.010956103,0,0,0,0,0,0,0.007304068,0.007304068,0,0,0,0,0.105908991,0,0.010956103,0,0,0.007304068,0
1908,Theodore Roosevelt,Republican,19376,1,0,0,2,0,0,0,2,3,0,0,0,0,10,1,8,0,0,1,0,TRUE,0.005161024,0,0,0.010322048,0,0,0,0.010322048,0.015483072,0,0,0,0,0.051610239,0.005161024,0.041288192,0,0,0.005161024,0
1909,William H Taft,Republican,13889,0,0,0,0,0,0,1,8,0,0,0,0,0,6,0,10,0,0,2,0,FALSE,0,0,0,0,0,0,0.007199942,0.057599539,0,0,0,0,0,0.043199654,0,0.071999424,0,0,0.014399885,0
1910,William H Taft,Republican,6763,0,0,0,0,0,0,0,3,1,0,0,0,0,7,0,1,0,0,0,0,FALSE,0,0,0,0,0,0,0,0.044359012,0.014786337,0,0,0,0,0.103504362,0,0.014786337,0,0,0,0
1911,William H Taft,Republican,23702,1,0,0,0,13,0,3,12,0,0,0,0,1,5,0,9,0,0,1,0,FALSE,0.004219053,0,0,0,0.054847692,0,0.01265716,0.050628639,0,0,0,0,0.004219053,0.021095266,0,0.037971479,0,0,0.004219053,0
1912,William H Taft,Republican,25125,2,0,0,0,1,0,0,3,1,0,0,0,0,19,0,7,0,0,1,0,TRUE,0.007960199,0,0,0,0.0039801,0,0,0.011940299,0.0039801,0,0,0,0,0.075621891,0,0.027860697,0,0,0.0039801,0
1913,Woodrow Wilson,Democratic,3552,0,0,0,0,0,0,0,0,0,0,0,0,0,0,0,1,0,0,4,0,FALSE,0,0,0,0,0,0,0,0,0,0,0,0,0,0,0,0.028153153,0,0,0.112612613,0
1914,Woodrow Wilson,Democratic,4533,0,0,0,0,0,0,0,4,0,0,0,0,0,4,0,3,0,0,1,0,FALSE,0,0,0,0,0,0,0,0.088241782,0,0,0,0,0,0.088241782,0,0.066181337,0,0,0.022060446,0
1915,Woodrow Wilson,Democratic,7686,3,0,0,0,0,0,0,0,0,0,0,0,0,10,0,3,0,0,3,0,FALSE,0.039032006,0,0,0,0,0,0,0,0,0,0,0,0,0.130106687,0,0.039032006,0,0,0.039032006,0
1916,Woodrow Wilson,Democratic,2117,0,0,0,0,0,0,0,0,0,0,0,0,0,1,0,5,0,0,0,0,TRUE,0,0,0,0,0,0,0,0,0,0,0,0,0,0.047236656,0,0.236183278,0,0,0,0
1917,Woodrow Wilson,Democratic,3913,0,0,0,1,0,0,0,0,0,0,0,0,0,31,0,3,0,0,2,0,FALSE,0,0,0,0.02555584,0,0,0,0,0,0,0,0,0,0.792231025,0,0.076667519,0,0,0.051111679,0
1918,Woodrow Wilson,Democratic,5465,0,0,0,0,0,0,0,1,0,0,0,0,0,20,0,2,0,0,2,0,FALSE,0,0,0,0,0,0,0,0.018298262,0,0,0,0,0,0.365965233,0,0.036596523,0,0,0.036596523,0
1919,Woodrow Wilson,Democratic,4755,0,0,0,0,0,0,0,1,1,0,0,0,0,15,0,0,0,0,1,0,FALSE,0,0,0,0,0,0,0,0.021030494,0.021030494,0,0,0,0,0.315457413,0,0,0,0,0.021030494,0
1920,Woodrow Wilson,Democratic,2705,0,0,0,0,0,0,0,2,0,0,0,0,0,9,0,1,0,0,0,0,TRUE,0,0,0,0,0,0,0,0.073937153,0,0,0,0,0,0.33271719,0,0.036968577,0,0,0,0
1921,Warren G Harding,Republican,5604,0,0,0,0,0,0,0,0,0,0,0,0,0,13,0,0,0,0,1,0,FALSE,0,0,0,0,0,0,0,0,0,0,0,0,0,0.231977159,0,0,0,0,0.017844397,0
1922,Warren G Harding,Republican,5744,0,0,0,0,0,0,2,2,0,0,0,0,0,15,0,0,0,0,0,0,FALSE,0,0,0,0,0,0,0.034818942,0.034818942,0,0,0,0,0,0.261142061,0,0,0,0,0,0
1923,Calvin Coolidge,Republican,6701,2,0,0,0,0,0,2,2,2,0,0,0,0,7,0,0,0,0,0,0,FALSE,0.029846292,0,0,0,0,0,0.029846292,0.029846292,0.029846292,0,0,0,0,0.104462021,0,0,0,0,0,0
1924,Calvin Coolidge,Republican,6964,5,0,0,0,0,0,1,8,2,0,0,0,0,8,0,3,0,0,0,0,TRUE,0.071797817,0,0,0,0,0,0.014359563,0.114876508,0.028719127,0,0,0,0,0.114876508,0,0.04307869,0,0,0,0
1925,Calvin Coolidge,Republican,10843,1,0,0,0,0,0,3,8,0,0,0,0,0,16,0,6,0,0,1,0,FALSE,0.00922254,0,0,0,0,0,0.02766762,0.073780319,0,0,0,0,0,0.147560638,0,0.055335239,0,0,0.00922254,0
1926,Calvin Coolidge,Republican,10308,0,0,0,0,0,0,2,5,1,0,0,0,0,14,0,4,0,0,0,0,FALSE,0,0,0,0,0,0,0.019402406,0.048506015,0.009701203,0,0,0,0,0.135816841,0,0.038804812,0,0,0,0
1927,Calvin Coolidge,Republican,8777,0,0,0,0,0,0,0,4,2,0,0,0,0,4,0,4,0,0,0,0,FALSE,0,0,0,0,0,0,0,0.045573658,0.022786829,0,0,0,0,0.045573658,0,0.045573658,0,0,0,0
1928,Calvin Coolidge,Republican,8060,4,0,0,0,0,0,2,8,1,0,0,0,0,3,0,1,0,0,0,0,TRUE,0.049627792,0,0,0,0,0,0.024813896,0.099255583,0.012406948,0,0,0,0,0.037220844,0,0.012406948,0,0,0,0
1929,Herbert Hoover,Republican,10987,3,0,0,0,1,0,1,3,4,0,0,0,0,10,0,0,0,0,0,0,FALSE,0.027304997,0,0,0,0.009101666,0,0.009101666,0.027304997,0.036406662,0,0,0,0,0.091016656,0,0,0,0,0,0
1930,Herbert Hoover,Republican,4540,0,0,0,0,1,0,2,1,0,0,0,0,0,1,0,1,0,0,1,0,FALSE,0,0,0,0,0.022026432,0,0.044052863,0.022026432,0,0,0,0,0,0.022026432,0,0.022026432,0,0,0.022026432,0
1931,Herbert Hoover,Republican,5680,1,0,0,0,0,0,2,1,0,0,0,0,0,0,0,2,0,0,0,0,FALSE,0.017605634,0,0,0,0,0,0.035211268,0.017605634,0,0,0,0,0,0,0,0.035211268,0,0,0,0
1932,Herbert Hoover,Republican,980,0,0,0,0,0,0,0,0,0,0,0,0,0,0,0,0,0,0,0,0,TRUE,0,0,0,0,0,0,0,0,0,0,0,0,0,0,0,0,0,0,0,0
1934,Franklin D Roosevelt,Democratic,2223,0,0,0,0,0,0,0,0,1,0,0,0,0,0,0,0,0,0,0,0,FALSE,0,0,0,0,0,0,0,0,0.044984256,0,0,0,0,0,0,0,0,0,0,0
1935,Franklin D Roosevelt,Democratic,3515,0,0,0,0,0,0,0,0,1,0,0,0,0,0,0,0,0,0,0,0,FALSE,0,0,0,0,0,0,0,0,0.028449502,0,0,0,0,0,0,0,0,0,0,0
1936,Franklin D Roosevelt,Democratic,3810,0,0,0,0,0,0,0,0,0,0,0,0,0,8,0,0,0,0,0,0,TRUE,0,0,0,0,0,0,0,0,0,0,0,0,0,0.209973753,0,0,0,0,0,0
1937,Franklin D Roosevelt,Democratic,2730,0,0,0,0,0,0,0,0,0,0,0,0,0,4,0,0,0,0,0,0,FALSE,0,0,0,0,0,0,0,0,0,0,0,0,0,0.146520147,0,0,0,0,0,0
1938,Franklin D Roosevelt,Democratic,4677,0,0,0,0,0,0,0,0,0,0,0,0,0,1,1,1,0,0,0,0,FALSE,0,0,0,0,0,0,0,0,0,0,0,0,0,0.021381227,0.021381227,0.021381227,0,0,0,0
1939,Franklin D Roosevelt,Democratic,3736,0,0,0,0,0,0,0,2,0,0,0,0,0,5,0,5,0,0,0,0,FALSE,0,0,0,0,0,0,0,0.053533191,0,0,0,0,0,0.133832976,0,0.133832976,0,0,0,0
1940,Franklin D Roosevelt,Democratic,3170,0,0,0,0,0,0,0,0,0,0,0,0,0,8,0,5,0,0,0,0,TRUE,0,0,0,0,0,0,0,0,0,0,0,0,0,0.252365931,0,0.157728707,0,0,0,0
1941,Franklin D Roosevelt,Democratic,3288,0,0,0,0,0,0,0,1,0,0,0,0,0,13,0,1,0,0,0,0,FALSE,0,0,0,0,0,0,0,0.030413625,0,0,0,0,0,0.395377129,0,0.030413625,0,0,0,0
1942,Franklin D Roosevelt,Democratic,3470,0,0,0,0,0,0,0,0,0,0,0,0,0,30,0,5,0,0,0,0,FALSE,0,0,0,0,0,0,0,0,0,0,0,0,0,0.864553314,0,0.144092219,0,0,0,0
1943,Franklin D Roosevelt,Democratic,4533,0,0,0,0,0,0,0,1,1,0,0,0,0,38,0,7,0,0,0,0,FALSE,0,0,0,0,0,0,0,0.022060446,0.022060446,0,0,0,0,0.838296934,0,0.154423119,0,0,0,0
1944,Franklin D Roosevelt,Democratic,3755,0,0,0,0,0,0,0,2,0,0,0,0,0,46,0,3,0,0,0,0,TRUE,0,0,0,0,0,0,0,0.053262317,0,0,0,0,0,1.225033289,0,0.079893475,0,0,0,0
1945,Franklin D Roosevelt,Democratic,8124,0,0,0,1,0,0,0,3,0,0,0,0,0,72,0,10,0,0,0,0,FALSE,0,0,0,0.012309207,0,0,0,0.036927622,0,0,0,0,0,0.886262925,0,0.123092073,0,0,0,0
1946,Harry S Truman,Democratic,27708,0,1,0,0,0,0,1,30,1,0,0,1,2,170,0,12,0,0,3,0,FALSE,0,0.003609066,0,0,0,0,0.003609066,0.108271979,0.003609066,0,0,0.003609066,0.007218132,0.613541216,0,0.043308792,0,0,0.010827198,0
1947,Harry S Truman,Democratic,6033,1,0,0,0,0,0,0,10,0,0,0,0,1,16,0,6,0,0,6,0,FALSE,0.016575501,0,0,0,0,0,0,0.165755014,0,0,0,0,0.016575501,0.265208023,0,0.099453008,0,0,0.099453008,0
1948,Harry S Truman,Democratic,5091,0,0,0,0,0,0,0,6,0,0,0,0,1,11,0,1,0,0,4,0,TRUE,0,0,0,0,0,0,0,0.117855038,0,0,0,0,0.019642506,0.21606757,0,0.019642506,0,0,0.078570026,0
1949,Harry S Truman,Democratic,3397,0,0,0,0,0,0,0,9,0,0,0,0,0,0,0,0,0,0,0,0,FALSE,0,0,0,0,0,0,0,0.264939653,0,0,0,0,0,0,0,0,0,0,0,0
1950,Harry S Truman,Democratic,5126,0,0,0,0,0,0,0,9,0,0,0,0,0,2,0,3,0,0,4,0,FALSE,0,0,0,0,0,0,0,0.175575497,0,0,0,0,0,0.039016777,0,0.058525166,0,0,0.078033554,0
1951,Harry S Truman,Democratic,3988,0,0,0,1,0,0,0,5,0,0,0,0,0,5,0,16,0,0,1,0,FALSE,0,0,0,0.025075226,0,0,0,0.125376128,0,0,0,0,0,0.125376128,0,0.401203611,0,0,0.025075226,0
1952,Harry S Truman,Democratic,5334,1,0,0,0,0,0,0,1,0,0,0,0,0,11,0,11,0,0,1,0,TRUE,0.018747657,0,0,0,0,0,0,0.018747657,0,0,0,0,0,0.206224222,0,0.206224222,0,0,0.018747657,0
1953,Harry S Truman,Democratic,9599,1,0,0,0,0,0,0,6,0,0,0,1,0,40,1,18,0,0,8,0,FALSE,0.010417752,0,0,0,0,0,0,0.062506511,0,0,0,0.010417752,0,0.416710074,0.010417752,0.187519533,0,0,0.083342015,0
1953,Dwight D Eisenhower,Republican,6941,0,0,0,0,0,0,1,9,0,0,0,1,0,5,2,12,0,0,0,0,FALSE,0,0,0,0,0,0,0.014407146,0.129664313,0,0,0,0.014407146,0,0.07203573,0.028814292,0.172885751,0,0,0,0
1954,Dwight D Eisenhower,Republican,5990,0,0,0,0,0,0,0,8,0,0,0,0,0,4,1,14,0,0,1,0,FALSE,0,0,0,0,0,0,0,0.133555927,0,0,0,0,0,0.066777963,0.016694491,0.233722871,0,0,0.016694491,0
1955,Dwight D Eisenhower,Republican,7250,0,0,0,0,0,0,1,14,0,0,0,1,0,2,1,28,0,0,2,0,FALSE,0,0,0,0,0,0,0.013793103,0.193103448,0,0,0,0.013793103,0,0.027586207,0.013793103,0.386206897,0,0,0.027586207,0
1956,Dwight D Eisenhower,Republican,8245,0,1,0,0,0,0,3,11,0,0,0,3,0,5,0,16,0,0,5,0,TRUE,0,0.012128563,0,0,0,0,0.036385688,0.13341419,0,0,0,0.036385688,0,0.060642814,0,0.194057004,0,0,0.060642814,0
1957,Dwight D Eisenhower,Republican,4145,2,0,0,0,0,0,1,12,0,0,0,0,1,3,1,8,0,0,2,0,FALSE,0.048250905,0,0,0,0,0,0.024125452,0.289505428,0,0,0,0,0.024125452,0.072376357,0.024125452,0.193003619,0,0,0.048250905,0
1958,Dwight D Eisenhower,Republican,4927,0,0,0,0,0,0,0,3,0,0,0,0,0,9,0,28,0,0,1,0,FALSE,0,0,0,0,0,0,0,0.060888979,0,0,0,0,0,0.182666937,0,0.568297138,0,0,0.020296326,0
1959,Dwight D Eisenhower,Republican,4889,0,0,0,0,0,0,0,12,0,0,0,1,0,5,0,9,0,0,0,0,FALSE,0,0,0,0,0,0,0,0.245448967,0,0,0,0.020454081,0,0.102270403,0,0.184086725,0,0,0,0
1960,Dwight D Eisenhower,Republican,5648,0,0,0,0,0,0,0,3,1,0,0,1,0,5,0,4,0,0,0,0,TRUE,0,0,0,0,0,0,0,0.053116147,0.017705382,0,0,0.017705382,0,0.088526912,0,0.07082153,0,0,0,0
1961,John F Kennedy,Democratic,5165,0,2,0,0,0,0,0,9,0,0,0,1,0,1,0,5,0,0,1,0,FALSE,0,0.038722168,0,0,0,0,0,0.174249758,0,0,0,0.019361084,0,0.019361084,0,0.096805421,0,0,0.019361084,0
1961,Dwight D Eisenhower,Republican,6188,0,1,0,0,0,0,2,6,0,0,0,0,1,4,0,4,0,0,2,0,FALSE,0,0.01616031,0,0,0,0,0.032320621,0.096961862,0,0,0,0,0.01616031,0.064641241,0,0.064641241,0,0,0.032320621,0
1962,John F Kennedy,Democratic,6436,0,3,0,0,0,0,0,10,3,0,0,0,0,5,1,8,0,0,2,0,FALSE,0,0.046612803,0,0,0,0,0,0.15537601,0.046612803,0,0,0,0,0.077688005,0.015537601,0.124300808,0,0,0.031075202,0
1963,John F Kennedy,Democratic,5326,0,0,0,0,2,0,0,6,1,0,0,0,0,7,0,4,0,0,1,0,FALSE,0,0,0,0,0.037551633,0,0,0.1126549,0.018775817,0,0,0,0,0.131430717,0,0.075103267,0,0,0.018775817,0
1964,Lyndon B Johnson,Democratic,3187,0,0,0,0,1,0,0,3,0,0,0,0,0,7,0,3,0,0,0,0,TRUE,0,0,0,0,0.031377471,0,0,0.094132413,0,0,0,0,0,0.219642297,0,0.094132413,0,0,0,0
1965,Lyndon B Johnson,Democratic,4394,0,3,0,0,0,0,1,5,4,0,0,0,0,4,0,1,0,0,1,0,FALSE,0,0.06827492,0,0,0,0,0.022758307,0.113791534,0.091033227,0,0,0,0,0.091033227,0,0.022758307,0,0,0.022758307,0
1966,Lyndon B Johnson,Democratic,5255,0,0,0,1,0,0,0,2,5,0,0,0,0,11,0,3,0,0,1,0,FALSE,0,0,0,0.019029496,0,0,0,0.038058991,0.095147479,0,0,0,0,0.209324453,0,0.057088487,0,0,0.019029496,0
1967,Lyndon B Johnson,Democratic,7111,0,1,0,0,0,1,0,6,8,0,0,0,0,18,0,1,0,0,1,0,FALSE,0,0.01406272,0,0,0,0.01406272,0,0.084376318,0.112501758,0,0,0,0,0.253128955,0,0.01406272,0,0,0.01406272,0
1968,Lyndon B Johnson,Democratic,4855,0,4,0,1,0,0,0,1,5,0,0,0,0,7,0,3,0,0,1,0,TRUE,0,0.082389289,0,0.020597322,0,0,0,0.020597322,0.102986612,0,0,0,0,0.144181256,0,0.061791967,0,0,0.020597322,0
1969,Lyndon B Johnson,Democratic,4107,0,0,0,0,0,0,0,1,4,0,0,1,0,2,0,1,0,0,0,0,FALSE,0,0,0,0,0,0,0,0.024348673,0.097394692,0,0,0.024348673,0,0.048697346,0,0.024348673,0,0,0,0
1970,Richard Nixon,Republican,4455,0,0,0,0,0,0,0,1,9,0,0,4,0,12,1,2,0,0,0,0,FALSE,0,0,0,0,0,0,0,0.022446689,0.202020202,0,0,0.089786756,0,0.269360269,0.022446689,0.044893378,0,0,0,0
1971,Richard Nixon,Republican,4475,0,0,0,0,0,0,0,8,1,0,0,3,0,4,0,0,0,0,1,0,FALSE,0,0,0,0,0,0,0,0.17877095,0.022346369,0,0,0.067039106,0,0.089385475,0,0,0,0,0.022346369,0
1972,Richard Nixon,Republican,3967,0,0,0,0,0,0,0,1,4,0,0,3,0,8,0,2,0,0,0,0,TRUE,0,0,0,0,0,0,0,0.025207966,0.100831863,0,0,0.075623897,0,0.201663726,0,0.050415931,0,0,0,0
1973,Richard Nixon,Republican,1649,0,0,0,0,0,0,0,0,1,0,0,1,0,1,1,0,0,0,0,0,FALSE,0,0,0,0,0,0,0,0,0.060642814,0,0,0.060642814,0,0.060642814,0.060642814,0,0,0,0,0
1974,Richard Nixon,Republican,5154,3,1,0,0,0,0,0,3,5,0,0,3,0,7,0,7,0,0,17,0,FALSE,0.058207218,0.019402406,0,0,0,0,0,0.058207218,0.097012029,0,0,0.058207218,0,0.135816841,0,0.135816841,0,0,0.3298409,0
1975,Gerald R Ford,Republican,4103,19,0,0,0,0,0,0,4,0,0,0,1,0,1,0,5,0,0,24,0,FALSE,0.463075798,0,0,0,0,0,0,0.097489642,0,0,0,0.02437241,0,0.02437241,0,0.121862052,0,0,0.58493785,0
1976,Gerald R Ford,Republican,4951,3,0,0,2,0,0,0,14,7,0,0,0,0,4,0,5,0,0,9,0,TRUE,0.060593819,0,0,0.04039588,0,0,0,0.282771157,0.141385579,0,0,0,0,0.080791759,0,0.100989699,0,0,0.181781458,0
1977,Gerald R Ford,Republican,4640,5,0,0,0,0,0,0,5,4,0,0,0,0,8,0,3,0,0,19,0,FALSE,0.107758621,0,0,0,0,0,0,0.107758621,0.086206897,0,0,0,0,0.172413793,0,0.064655172,0,0,0.409482759,0
1978,Jimmy Carter,Democratic,4580,3,0,0,0,0,0,0,11,0,0,0,0,0,3,0,3,0,0,9,0,FALSE,0.065502183,0,0,0,0,0,0,0.240174672,0,0,0,0,0,0.065502183,0,0.065502183,0,0,0.19650655,0
1979,Jimmy Carter,Democratic,3243,0,0,0,0,0,0,0,8,0,0,0,0,0,3,0,3,0,1,1,0,FALSE,0,0,0,0,0,0,0,0.246685168,0,0,0,0,0,0.092506938,0,0.092506938,0,0.030835646,0.030835646,0
1980,Jimmy Carter,Democratic,3396,13,0,0,0,0,2,0,2,0,0,0,1,0,2,0,13,0,0,9,0,TRUE,0.382803298,0,0,0,0,0.058892815,0,0.058892815,0,0,0,0.029446408,0,0.058892815,0,0.382803298,0,0,0.265017668,0
1981,Jimmy Carter,Democratic,33558,40,0,0,0,2,1,7,32,0,0,0,15,12,19,1,27,0,0,73,0,FALSE,0.119196615,0,0,0,0.005959831,0.002979915,0.020859408,0.095357292,0,0,0,0.044698731,0.035758984,0.056618392,0.002979915,0.080457715,0,0,0.217533822,0
1982,Ronald Reagan,Republican,5161,1,0,0,0,0,1,0,8,2,0,0,0,0,0,1,8,0,0,2,0,FALSE,0.01937609,0,0,0,0,0.01937609,0,0.155008719,0.03875218,0,0,0,0,0,0.01937609,0.155008719,0,0,0.03875218,0
1983,Ronald Reagan,Republican,5536,0,1,0,0,0,0,0,7,2,0,0,0,0,1,0,4,0,0,0,0,FALSE,0,0.018063584,0,0,0,0,0,0.126445087,0.036127168,0,0,0,0,0.018063584,0,0.072254335,0,0,0,0
1984,Ronald Reagan,Republican,4944,0,0,0,0,0,2,0,5,2,1,0,1,0,5,0,3,0,0,1,0,TRUE,0,0,0,0,0,0.040453074,0,0.101132686,0.040453074,0.020226537,0,0.020226537,0,0.101132686,0,0.060679612,0,0,0.020226537,0
1985,Ronald Reagan,Republican,4213,0,0,0,0,0,0,0,14,5,2,0,1,0,5,0,2,0,0,2,0,FALSE,0,0,0,0,0,0,0,0.332304771,0.118680275,0.04747211,0,0.023736055,0,0.118680275,0,0.04747211,0,0,0.04747211,0
1986,Ronald Reagan,Republican,3473,0,0,0,0,0,0,0,3,1,0,0,0,0,1,0,0,0,0,0,0,FALSE,0,0,0,0,0,0,0,0.086380651,0.02879355,0,0,0,0,0.02879355,0,0,0,0,0,0
1987,Ronald Reagan,Republican,3770,0,0,0,0,0,0,0,1,0,0,0,1,0,2,0,3,0,0,1,0,FALSE,0,0,0,0,0,0,0,0.026525199,0,0,0,0.026525199,0,0.053050398,0,0.079575597,0,0,0.026525199,0
1988,Ronald Reagan,Republican,4826,0,0,0,0,1,0,0,3,0,2,0,0,0,6,0,0,0,0,0,0,TRUE,0,0,0,0,0.020721094,0,0,0.062163282,0,0.041442188,0,0,0,0.124326564,0,0,0,0,0,0
1989,George Bush,Republican,4821,2,0,0,0,0,0,0,0,1,0,0,2,0,5,0,4,0,0,3,0,FALSE,0.041485169,0,0,0,0,0,0,0,0.020742585,0,0,0.041485169,0,0.103712923,0,0.082970338,0,0,0.062227754,0
1990,George Bush,Republican,3811,0,0,0,0,0,0,0,1,1,0,0,3,0,0,0,6,0,1,1,0,FALSE,0,0,0,0,0,0,0,0.026239832,0.026239832,0,0,0.078719496,0,0,0,0.157438992,0,0.026239832,0.026239832,0
1991,George Bush,Republican,3968,1,0,0,0,0,1,0,3,4,0,0,1,0,9,0,1,0,1,2,0,FALSE,0.025201613,0,0,0,0,0.025201613,0,0.075604839,0.100806452,0,0,0.025201613,0,0.226814516,0,0.025201613,0,0.025201613,0.050403226,0
1992,George Bush,Republican,5082,0,1,0,0,0,0,0,9,4,0,0,0,0,6,0,1,0,0,1,0,TRUE,0,0.019677292,0,0,0,0,0,0.177095632,0.07870917,0,0,0,0,0.118063754,0,0.019677292,0,0,0.019677292,0
1993,William J Clinton,Democratic,6999,0,4,0,0,0,0,0,12,2,0,0,3,0,1,0,2,0,0,8,0,FALSE,0,0.057151022,0,0,0,0,0,0.171453065,0.028575511,0,0,0.042863266,0,0.014287755,0,0.028575511,0,0,0.114302043,0
1994,William J Clinton,Democratic,7378,0,2,0,2,0,0,0,4,16,0,0,1,0,2,0,4,0,0,0,0,FALSE,0,0.027107617,0,0.027107617,0,0,0,0.054215234,0.216860938,0,0,0.013553809,0,0.027107617,0,0.054215234,0,0,0,0
1995,William J Clinton,Democratic,9173,0,7,0,0,1,1,1,13,11,0,0,0,0,8,0,3,0,0,0,0,FALSE,0,0.076310912,0,0,0.010901559,0.010901559,0.010901559,0.141720266,0.119917148,0,0,0,0,0.087212471,0,0.032704677,0,0,0,0
1996,William J Clinton,Democratic,6328,0,5,0,0,1,1,1,5,13,0,0,6,2,4,0,1,0,0,1,0,TRUE,0,0.079013906,0,0,0.015802781,0.015802781,0.015802781,0.079013906,0.205436157,0,0,0.094816688,0.031605563,0.063211125,0,0.015802781,0,0,0.015802781,0
1997,William J Clinton,Democratic,6749,0,11,0,0,0,1,0,11,3,0,0,6,0,8,1,1,0,0,1,0,FALSE,0,0.162987109,0,0,0,0.01481701,0,0.162987109,0.04445103,0,0,0.08890206,0,0.118536079,0.01481701,0.01481701,0,0,0.01481701,0
1998,William J Clinton,Democratic,7277,0,13,0,0,0,0,0,11,4,0,0,4,0,3,2,2,0,0,3,0,FALSE,0,0.178645046,0,0,0,0,0,0.151161193,0.054967706,0,0,0.054967706,0,0.04122578,0.027483853,0.027483853,0,0,0.04122578,0
1999,William J Clinton,Democratic,7475,0,4,0,1,0,2,0,10,6,0,0,2,0,3,0,1,0,0,1,0,FALSE,0,0.053511706,0,0.013377926,0,0.026755853,0,0.133779264,0.080267559,0,0,0.026755853,0,0.040133779,0,0.013377926,0,0,0.013377926,0
2000,William J Clinton,Democratic,9052,0,13,0,19,0,0,0,10,5,0,0,4,0,3,1,1,0,0,3,0,TRUE,0,0.143614671,0,0.209898365,0,0,0,0.110472824,0.055236412,0,0,0.044189129,0,0.033141847,0.011047282,0.011047282,0,0,0.033141847,0
2001,George W Bush,Republican,4362,0,2,0,0,0,0,0,3,0,0,0,3,0,1,0,7,0,1,12,0,FALSE,0,0.045850527,0,0,0,0,0,0.068775791,0,0,0,0.068775791,0,0.022925264,0,0.160476845,0,0.022925264,0.275103164,0
2002,George W Bush,Republican,3825,1,0,0,0,2,1,0,4,0,0,0,1,0,12,0,4,0,0,3,0,FALSE,0.026143791,0,0,0,0.052287582,0.026143791,0,0.104575163,0,0,0,0.026143791,0,0.31372549,0,0.104575163,0,0,0.078431373,0
2003,George W Bush,Republican,5368,0,0,0,0,0,2,0,10,0,1,0,3,1,11,0,3,0,0,6,0,FALSE,0,0,0,0,0,0.037257824,0,0.186289121,0,0.018628912,0,0.055886736,0.018628912,0.204918033,0,0.055886736,0,0,0.111773472,0
2004,George W Bush,Republican,5167,0,1,0,0,0,1,2,14,2,0,0,0,0,12,0,2,0,0,2,0,TRUE,0,0.01935359,0,0,0,0.01935359,0.03870718,0.270950261,0.03870718,0,0,0,0,0.232243081,0,0.03870718,0,0,0.03870718,0
2005,George W Bush,Republican,5045,0,2,0,0,3,1,2,11,1,0,0,0,0,5,0,4,0,0,4,0,FALSE,0,0.039643211,0,0,0.059464817,0.019821606,0.039643211,0.218037661,0.019821606,0,0,0,0,0.099108028,0,0.079286422,0,0,0.079286422,0
2006,George W Bush,Republican,5287,3,0,0,0,2,3,2,16,4,0,0,1,0,2,0,8,0,0,6,0,FALSE,0.056742954,0,0,0,0.037828636,0.056742954,0.037828636,0.30262909,0.075657273,0,0,0.018914318,0,0.037828636,0,0.151314545,0,0,0.113485909,0
2007,George W Bush,Republican,5552,9,0,0,0,4,0,4,7,0,0,0,2,0,10,1,4,0,0,3,0,FALSE,0.162103746,0,0,0,0.07204611,0,0.07204611,0.126080692,0,0,0,0.036023055,0,0.180115274,0.018011527,0.07204611,0,0,0.054034582,0
2008,George W Bush,Republican,5704,3,1,0,0,3,0,3,6,0,0,0,1,0,3,1,6,0,0,5,0,TRUE,0.05259467,0.017531557,0,0,0.05259467,0,0.05259467,0.105189341,0,0,0,0.017531557,0,0.05259467,0.017531557,0.105189341,0,0,0.087657784,0
2009,Barack Obama,Democratic,6053,2,10,0,0,0,1,0,22,0,0,0,0,0,4,1,0,0,0,14,0,FALSE,0.033041467,0.165207335,0,0,0,0.016520734,0,0.363456137,0,0,0,0,0,0.066082934,0.016520734,0,0,0,0.231290269,0
2010,Barack Obama,Democratic,7221,2,6,0,0,0,0,1,15,0,0,0,0,0,4,3,2,0,0,15,0,FALSE,0.027696995,0.083090985,0,0,0,0,0.013848497,0.207727462,0,0,0,0,0,0.05539399,0.041545492,0.027696995,0,0,0.207727462,0
2011,Barack Obama,Democratic,6867,2,7,0,0,1,0,1,7,0,0,0,0,0,4,0,2,0,0,9,0,FALSE,0.0291248,0.101936799,0,0,0.0145624,0,0.0145624,0.101936799,0,0,0,0,0,0.0582496,0,0.0291248,0,0,0.131061599,0
2012,Barack Obama,Democratic,7026,10,7,0,0,1,0,2,12,0,0,0,1,0,4,1,4,0,0,23,0,TRUE,0.142328494,0.099629946,0,0,0.014232849,0,0.028465699,0.170794193,0,0,0,0.014232849,0,0.056931398,0.014232849,0.056931398,0,0,0.327355537,0
2013,Barack Obama,Democratic,6783,5,3,0,5,2,0,3,13,1,0,0,0,0,3,3,5,0,0,17,0,FALSE,0.073713696,0.044228218,0,0.073713696,0.029485478,0,0.044228218,0.19165561,0.014742739,0,0,0,0,0.044228218,0.044228218,0.073713696,0,0,0.250626566,0
2014,Barack Obama,Democratic,6987,5,6,0,1,0,1,3,12,0,0,0,1,0,7,2,5,0,0,8,0,FALSE,0.071561471,0.085873766,0,0.014312294,0,0.014312294,0.042936883,0.171747531,0,0,0,0.014312294,0,0.10018606,0.028624589,0.071561471,0,0,0.114498354,0
2015,Barack Obama,Democratic,6568,4,10,0,0,0,1,2,18,1,0,0,0,0,3,4,5,0,0,2,0,FALSE,0.06090134,0.15225335,0,0,0,0.015225335,0.03045067,0.274056029,0.015225335,0,0,0,0,0.045676005,0.06090134,0.076126675,0,0,0.03045067,0
2016,Barack Obama,Democratic,6025,4,3,0,1,0,0,1,16,0,0,0,1,1,6,4,5,0,0,7,0,TRUE,0.066390041,0.049792531,0,0.01659751,0,0,0.01659751,0.265560166,0,0,0,0.01659751,0.01659751,0.099585062,0.066390041,0.082987552,0,0,0.116182573,0
2017,Donald J Trump,Republican,4903,0,3,0,0,2,5,7,1,1,0,0,1,0,4,0,5,0,0,0,0,FALSE,0,0.061187028,0,0,0.040791352,0.101978381,0.142769733,0.020395676,0.020395676,0,0,0.020395676,0,0.081582704,0,0.101978381,0,0,0,0
2018,Donald J Trump,Republican,5862,0,1,0,0,3,1,8,3,0,0,0,0,0,2,0,4,0,0,2,0,FALSE,0,0.017059024,0,0,0.051177073,0.017059024,0.136472194,0.051177073,0,0,0,0,0,0.034118048,0,0.068236097,0,0,0.034118048,0
2019,Donald J Trump,Republican,5249,1,0,0,0,13,1,5,5,2,1,0,0,0,4,0,2,0,0,2,0,FALSE,0.019051248,0,0,0,0.247666222,0.019051248,0.095256239,0.095256239,0.038102496,0.019051248,0,0,0,0.076204991,0,0.038102496,0,0,0.038102496,0
2020,Donald J Trump,Republican,5917,1,1,0,0,5,1,2,5,1,1,0,2,0,1,0,4,0,0,3,0,TRUE,0.016900456,0.016900456,0,0,0.084502282,0.016900456,0.033800913,0.084502282,0.016900456,0.016900456,0,0.033800913,0,0.016900456,0,0.067601825,0,0,0.050701369,0
2021,Joseph R Biden,Democratic,7945,0,5,0,10,3,3,4,7,1,0,0,0,0,3,6,1,0,2,2,0,FALSE,0,0.062932662,0,0.125865324,0.037759597,0.037759597,0.05034613,0.088105727,0.012586532,0,0,0,0,0.037759597,0.075519194,0.012586532,0,0.025173065,0.025173065,0
2022,Joseph R Biden,Democratic,7661,1,0,0,4,2,0,3,13,1,0,0,0,1,5,2,4,0,0,4,0,FALSE,0.013053126,0,0,0.052212505,0.026106252,0,0.039159379,0.169690641,0.013053126,0,0,0,0.013053126,0.065265631,0.026106252,0.052212505,0,0,0.052212505,0
2023,Joseph R Biden,Democratic,9223,4,4,0,5,10,1,2,6,3,1,0,0,0,2,3,2,0,0,5,0,FALSE,0.043369836,0.043369836,0,0.054212295,0.108424591,0.010842459,0.021684918,0.065054754,0.032527377,0.010842459,0,0,0,0.021684918,0.032527377,0.021684918,0,0,0.054212295,0